Workbook

Sheet Export Worksheet
A1: SCAC | B1: ORDER_NO | C1: SHIPMENT_NO | D1: AIRWAY_BILL_NO | E1: ORDER_NO | F1: RO_ORDER_HEADER_KEY | G1: SO_ORDER_HEADER_KEY | H1: SO_Order_No | I1: Duplicate
A2: UPSC | B2: Y100000938 | C2: 100004880 | D2: 1ZX4029Y7811761239 | E2: Y100000938 | F2: 20240731143943211080628 | G2: =VLOOKUP($F2,'SO and RO OH'!$A$2:$B$173,2,FALSE) -> 20240721121453207446652 | H2: =VLOOKUP($G2,'SO OH and SO OrderNo'!$A$2:$B$143,2,FALSE) -> 00003535 | I2: =COUNTIF($H$2:$H$34,$H2) -> 1
A3: UPSC | B3: Y100000936 | C3: 100004866 | D3: 1ZX4029Y7809986395 | E3: Y100000936 | F3: 20240730184549210695704 | G3: =VLOOKUP($F3,'SO and RO OH'!$A$2:$B$173,2,FALSE) -> 20240714034407204030138 | H3: =VLOOKUP($G3,'SO OH and SO OrderNo'!$A$2:$B$143,2,FALSE) -> 00003241 | I3: =COUNTIF($H$2:$H$34,$H3) -> 1
A4: UPSC | B4: Y100000935 | C4: 100004861 | D4: 1ZX4029Y7835562052 | E4: Y100000935 | F4: 20240730115558210662341 | G4: =VLOOKUP($F4,'SO and RO OH'!$A$2:$B$173,2,FALSE) -> 20240723150453208263986 | H4: =VLOOKUP($G4,'SO OH and SO OrderNo'!$A$2:$B$143,2,FALSE) -> 00003681 | I4: =COUNTIF($H$2:$H$34,$H4) -> 1
A5: UPSC | B5: Y100000929 | C5: 100004819 | D5: 1ZX4029Y7838252220 | E5: Y100000929 | F5: 20240727190740209868949 | G5: =VLOOKUP($F5,'SO and RO OH'!$A$2:$B$173,2,FALSE) -> 20240723001453207864080 | H5: =VLOOKUP($G5,'SO OH and SO OrderNo'!$A$2:$B$143,2,FALSE) -> 00003557 | I5: =COUNTIF($H$2:$H$34,$H5) -> 1
A6: UPSC | B6: Y100000926 | C6: 100004783 | D6: 1ZX4029Y7815328941 | E6: Y100000926 | F6: 20240725020538208788927 | G6: =VLOOKUP($F6,'SO and RO OH'!$A$2:$B$173,2,FALSE) -> 20240718012907205897684 | H6: =VLOOKUP($G6,'SO OH and SO OrderNo'!$A$2:$B$143,2,FALSE) -> 00003301 | I6: =COUNTIF($H$2:$H$34,$H6) -> 1
A7: UPSC | B7: Y100000924 | C7: 100004780 | D7: 1ZX4029Y7829575872 | E7: Y100000924 | F7: 20240724160013208679608 | G7: =VLOOKUP($F7,'SO and RO OH'!$A$2:$B$173,2,FALSE) -> 20240716125907205410194 | H7: =VLOOKUP($G7,'SO OH and SO OrderNo'!$A$2:$B$143,2,FALSE) -> 00003312 | I7: =COUNTIF($H$2:$H$34,$H7) -> 1
A8: UPSC | B8: Y100000923 | C8: 100004763 | D8: 1ZX4029Y7824934117 | E8: Y100000923 | F8: 20240723134940208259824 | G8: =VLOOKUP($F8,'SO and RO OH'!$A$2:$B$173,2,FALSE) -> 20240714011407204011444 | H8: =VLOOKUP($G8,'SO OH and SO OrderNo'!$A$2:$B$143,2,FALSE) -> 00003240 | I8: =COUNTIF($H$2:$H$34,$H8) -> 1
A9: UPSC | B9: Y100000922 | C9: 100004762 | D9: 1ZX4029Y7810748514 | E9: Y100000922 | F9: 20240723110230208236574 | G9: =VLOOKUP($F9,'SO and RO OH'!$A$2:$B$173,2,FALSE) -> 20240715154407204991807 | H9: =VLOOKUP($G9,'SO OH and SO OrderNo'!$A$2:$B$143,2,FALSE) -> 00003259 | I9: =COUNTIF($H$2:$H$34,$H9) -> 1
A10: UPSC | B10: Y100000921 | C10: 100004693 | D10: 1ZX4029Y7818792970 | E10: Y100000921 | F10: 20240719152428206821571 | G10: =VLOOKUP($F10,'SO and RO OH'!$A$2:$B$173,2,FALSE) -> 20240709023945202398771 | H10: =VLOOKUP($G10,'SO OH and SO OrderNo'!$A$2:$B$143,2,FALSE) -> 00003094 | I10: =COUNTIF($H$2:$H$34,$H10) -> 1
A11: UPSC | B11: Y100000916 | C11: 100004677 | D11: 1ZX4029Y7816766494 | E11: Y100000916 | F11: 20240718120154206343682 | G11: =VLOOKUP($F11,'SO and RO OH'!$A$2:$B$173,2,FALSE) -> 20240627201947198064509 | H11: =VLOOKUP($G11,'SO OH and SO OrderNo'!$A$2:$B$143,2,FALSE) -> 00002884 | I11: =COUNTIF($H$2:$H$34,$H11) -> 1
A12: UPSC | B12: Y100000915 | C12: 100004672 | D12: 1ZX4029Y7809337872 | E12: Y100000915 | F12: 20240718074938206234995 | G12: =VLOOKUP($F12,'SO and RO OH'!$A$2:$B$173,2,FALSE) -> 20240630125945199230870 | H12: =VLOOKUP($G12,'SO OH and SO OrderNo'!$A$2:$B$143,2,FALSE) -> 00002953 | I12: =COUNTIF($H$2:$H$34,$H12) -> 1
A13: UPSC | B13: Y100000912 | C13: 100004660 | D13: 1ZX4029Y7826802765 | E13: Y100000912 | F13: 20240717181023205866403 | G13: =VLOOKUP($F13,'SO and RO OH'!$A$2:$B$173,2,FALSE) -> 20240710104908203018039 | H13: =VLOOKUP($G13,'SO OH and SO OrderNo'!$A$2:$B$143,2,FALSE) -> 00003147 | I13: =COUNTIF($H$2:$H$34,$H13) -> 3
... A34: UPSC | B34: Y100000882 | C34: 100004435 | D34: 1ZX4029Y7835250666 | E34: Y100000882 | F34: 20240703054955200097881 | G34: =VLOOKUP($F34,'SO and RO OH'!$A$2:$B$173,2,FALSE) -> 20240528115733185239733 | H34: =VLOOKUP($G34,'SO OH and SO OrderNo'!$A$2:$B$143,2,FALSE) -> 00002333 | I34: =COUNTIF($H$2:$H$34,$H34) -> 1

Sheet SO and RO OH
A1: RO_ORDER_HEADER_KEY | B1: DERIVED_FROM_ORDER_HEADER_KEY
A2: 20240703054955200097881 | B2: 20240528115733185239733
A3: 20240703055048200098389 | B3: 20240610174733191078419
A4: 20240703055048200098389 | B4: 20240610174733191078419
A5: 20240703055048200098389 | B5: 20240610174733191078419
A6: 20240706070226201511226 | B6: 20240628122945198504133
A7: 20240709164115202705515 | B7: 20240616115734193312532
A8: 20240710100526202958247 | B8: 20240626233945197654171
A9: 20240710152028203116586 | B9: 20240701120949199601897
A10: 20240711110550203503770 | B10: 20240701233945199614714
A11: 20240711111315203504166 | B11: 20240620124233195110441
A12: 20240711115217203506148 | B12: 20240704150945200825799
... A37: 20240731143943211080628 | B37: 20240721121453207446652

Sheet SO OH and SO OrderNo
A1: ORDER_HEADER_KEY | B1: ORDER_NO
A2: 2023122814190080269164 | B2: 51876761651
A3: 20240513111443177659075 | B3: 00002049
A4: 20240528115733185239733 | B4: 00002333
A5: 20240610174733191078419 | B5: 00002611
A6: 20240616115734193312532 | B6: 00002658
A7: 20240620124233195110441 | B7: 00002684
A8: 20240626233945197654171 | B8: 00002929
A9: 20240627201947198064509 | B9: 00002884
A10: 20240628102948198345517 | B10: 00002887
A11: 20240628122945198504133 | B11: 00002888
A12: 20240630125945199230870 | B12: 00002953
... A31: 20240723150453208263986 | B31: 00003681
