Workbook

Sheet Sheet2
A2: 20240823231206218537548 | B2: XDS | C2: ONHAND | D2: 0.0000
A3: 2023111422583769750390 | B3: XDM | C3: ONHAND | D3: 0.0000
A4: 2023101900022762167327 | B4: XDT | C4: ONHAND | D4: 0.0000
A5: 2023101823451262150508 | B5: XDF | C5: ONHAND | D5: 0.0000
A6: 20240823010036218401677 | B6: XDK | C6: ONHAND | D6: 0.0000
A7: 2023103123524665564350 | B7: XDJ | C7: ONHAND | D7: 0.0000
A8: 2023103123524465564170 | B8: XDJ | C8: ONHAND | D8: 0.0000
A9: 20240822230522218380521 | B9: XDF | C9: ONHAND | D9: 0.0000
A10: 20240808230512213753639 | B10: XDF | C10: ONHAND | D10: 0.0000
A11: 20240829231521221352894 | B11: XSL | C11: ONHAND | D11: 1.0000
A12: 20240829231509221352884 | B12: XSL | C12: ONHAND | D12: 1.0000
A13: 20240829231509221352883 | B13: XSL | C13: ONHAND | D13: 1.0000
... A324: 20240822230523218380695 | B324: XDM | C324: ONHAND | D324: 0.0000

Sheet Sheet3
B1: Item ID | C1: Node | D1: Available Quantity
A2: 20240829231521221352894 | B2: EP2619FGQEAA002JA000002 | C2: =VLOOKUP($A2,Sheet2!$A$2:$D$324,2,FALSE) -> XSL | D2: =VLOOKUP($A2,Sheet2!$A$2:$D$324,4,FALSE) -> 1.0000
A3: 20240829231509221352883 | B3: EP2313FGASAA002JA000041 | C3: =VLOOKUP($A3,Sheet2!$A$2:$D$324,2,FALSE) -> XSL | D3: =VLOOKUP($A3,Sheet2!$A$2:$D$324,4,FALSE) -> 1.0000
A4: 20240829231509221352884 | B4: EP2313FGEHAA002JA000001 | C4: =VLOOKUP($A4,Sheet2!$A$2:$D$324,2,FALSE) -> XSL | D4: =VLOOKUP($A4,Sheet2!$A$2:$D$324,4,FALSE) -> 1.0000
A5: 20240829231503221352877 | B5: EP2218FCISAA002JA000004 | C5: =VLOOKUP($A5,Sheet2!$A$2:$D$324,2,FALSE) -> XSL | D5: =VLOOKUP($A5,Sheet2!$A$2:$D$324,4,FALSE) -> 1.0000
A6: 20240829231500221352872 | B6: EP2217CQJEAA002JA000016 | C6: =VLOOKUP($A6,Sheet2!$A$2:$D$324,2,FALSE) -> XSL | D6: =VLOOKUP($A6,Sheet2!$A$2:$D$324,4,FALSE) -> 1.0000
A7: 20240829231454221352862 | B7: EP2018FKDLAB002JA000001 | C7: =VLOOKUP($A7,Sheet2!$A$2:$D$324,2,FALSE) -> XSL | D7: =VLOOKUP($A7,Sheet2!$A$2:$D$324,4,FALSE) -> 1.0000
A8: 20240829231454221352867 | B8: EP2018VTGR4A002EA000008 | C8: =VLOOKUP($A8,Sheet2!$A$2:$D$324,2,FALSE) -> XSL | D8: =VLOOKUP($A8,Sheet2!$A$2:$D$324,4,FALSE) -> 1.0000
A9: 20240829231452221352857 | B9: EP2017VEBP2A002EA000007 | C9: =VLOOKUP($A9,Sheet2!$A$2:$D$324,2,FALSE) -> XSL | D9: =VLOOKUP($A9,Sheet2!$A$2:$D$324,4,FALSE) -> 1.0000
A10: 20240828231449220997082 | B10: EP2016DMOABA002EB000016 | C10: =VLOOKUP($A10,Sheet2!$A$2:$D$324,2,FALSE) -> XSL | D10: =VLOOKUP($A10,Sheet2!$A$2:$D$324,4,FALSE) -> 1.0000
A11: 20240828230959220996267 | B11: EPIOO42AJ1BAP12EA000012 | C11: =VLOOKUP($A11,Sheet2!$A$2:$D$324,2,FALSE) -> XDM | D11: =VLOOKUP($A11,Sheet2!$A$2:$D$324,4,FALSE) -> 0.0000
A12: 20240828230511220995847 | B12: EPIOO42AJ1BAP12EA000008 | C12: =VLOOKUP($A12,Sheet2!$A$2:$D$324,2,FALSE) -> XDF | D12: =VLOOKUP($A12,Sheet2!$A$2:$D$324,4,FALSE) -> 0.0000
A13: 20240826230604220142705 | B13: EL3823NASAAA021BL000002 | C13: =VLOOKUP($A13,Sheet2!$A$2:$D$324,2,FALSE) -> XDM | D13: =VLOOKUP($A13,Sheet2!$A$2:$D$324,4,FALSE) -> 1.0000
... A319: 20221011123248260872 | B319: EL31172QRABA052JA000001 | C319: =VLOOKUP($A319,Sheet2!$A$2:$D$324,2,FALSE) -> XDM | D319: =VLOOKUP($A319,Sheet2!$A$2:$D$324,4,FALSE) -> 0.0000
